[
  {
    "userId": "adminuser",
    "steps": 14680,
    "date": "2025-04-02T08:37:07.829019"
  },
  {
    "userId": "adminuser",
    "steps": 6708,
    "date": "2025-04-03T08:37:07.829019"
  },
  {
    "userId": "adminuser",
    "steps": 10271,
    "date": "2025-04-04T08:37:07.829019"
  },
  {
    "userId": "adminuser",
    "steps": 14736,
    "date": "2025-04-05T08:37:07.829019"
  },
  {
    "userId": "adminuser",
    "steps": 11860,
    "date": "2025-04-06T08:37:07.829019"
  },
  {
    "userId": "adminuser",
    "steps": 8744,
    "date": "2025-04-07T08:37:07.829019"
  },
  {
    "userId": "adminuser",
    "steps": 10950,
    "date": "2025-04-08T08:37:07.829019"
  }
]
